{"cameraMode":{"drawMode":0,"name":"Shaded","section":"Shading Mode"},"sceneLighting":true,"audioPlay":false,"sceneViewState":{"showFog":true,"showMaterialUpdate":true,"showSkybox":true,"showFlares":true,"showImageEffects":true,"showParticleSystems":true},"in2DMode":false,"pivot":{"x":433.8912658691406,"y":105.51285552978516,"z":36.33478927612305},"rotation":{"x":-0.029423227533698083,"y":0.9653169512748718,"z":-0.22735662758350373,"w":-0.12492591887712479},"size":643.990478515625,"orthographic":false}